<?xml version="1.0" encoding="UTF-8"?>
<project-private xmlns="http://www.netbeans.org/ns/project-private/1">
    <editor-bookmarks xmlns="http://www.netbeans.org/ns/editor-bookmarks/2" lastBookmarkId="0"/>
    <open-files xmlns="http://www.netbeans.org/ns/projectui-open-files/2">
        <group>
            <file>file:/C:/Users/vitor/Downloads/(plano%20B)/ControleFuncionarioWebF/web/jsp/taskUpdate.jsp</file>
            <file>file:/C:/Users/vitor/Downloads/(plano%20B)/ControleFuncionarioWebF/src/java/funcoes/task.java</file>
            <file>file:/C:/Users/vitor/Downloads/(plano%20B)/ControleFuncionarioWebF/web/jsp/taskInclu.jsp</file>
            <file>file:/C:/Users/vitor/Downloads/(plano%20B)/ControleFuncionarioWebF/web/html/tarefas.jsp</file>
            <file>file:/C:/Users/vitor/Downloads/(plano%20B)/ControleFuncionarioWebF/web/index.html</file>
            <file>file:/C:/Users/vitor/Downloads/(plano%20B)/ControleFuncionarioWebF/web/html/deletarDesenvolvedor.jsp</file>
        </group>
    </open-files>
</project-private>
